onset	duration	trial_type	value	sample
5.346	n/a	NonTarget	1	5346
5.765	n/a	NonTarget	1	5765
6.183	n/a	NonTarget	1	6183
6.601	n/a	NonTarget	1	6601
7.019	n/a	Target	2	7019
7.437	n/a	NonTarget	1	7437
7.856	n/a	NonTarget	1	7856
8.275	n/a	NonTarget	1	8275
8.693	n/a	Target	2	8693
9.111	n/a	NonTarget	1	9111
9.529	n/a	NonTarget	1	9529
9.947	n/a	NonTarget	1	9947
10.366	n/a	NonTarget	1	10366
10.785	n/a	Target	2	10785
11.203	n/a	NonTarget	1	11203
11.621	n/a	NonTarget	1	11621
12.04	n/a	NonTarget	1	12040
12.457	n/a	NonTarget	1	12457
12.876	n/a	NonTarget	1	12876
13.296	n/a	NonTarget	1	13296
13.714	n/a	NonTarget	1	13714
14.132	n/a	NonTarget	1	14132
14.55	n/a	Target	2	14550
14.968	n/a	NonTarget	1	14968
15.386	n/a	NonTarget	1	15386
15.805	n/a	NonTarget	1	15805
16.223	n/a	NonTarget	1	16223
16.642	n/a	Target	2	16642
17.06	n/a	NonTarget	1	17060
17.478	n/a	NonTarget	1	17478
17.896	n/a	NonTarget	1	17896
18.315	n/a	Target	2	18315
18.733	n/a	NonTarget	1	18733
19.151	n/a	NonTarget	1	19151
19.569	n/a	NonTarget	1	19569
19.987	n/a	NonTarget	1	19987
20.405	n/a	NonTarget	1	20405
20.824	n/a	Target	2	20824
21.244	n/a	NonTarget	1	21244
21.662	n/a	NonTarget	1	21662
22.08	n/a	NonTarget	1	22080
22.499	n/a	NonTarget	1	22499
22.918	n/a	NonTarget	1	22918
23.337	n/a	Target	2	23337
23.755	n/a	NonTarget	1	23755
24.173	n/a	NonTarget	1	24173
24.591	n/a	NonTarget	1	24591
25.009	n/a	NonTarget	1	25009
25.427	n/a	NonTarget	1	25427
25.846	n/a	NonTarget	1	25846
26.264	n/a	NonTarget	1	26264
26.682	n/a	NonTarget	1	26682
27.1	n/a	NonTarget	1	27100
27.518	n/a	Target	2	27518
27.936	n/a	NonTarget	1	27936
28.355	n/a	NonTarget	1	28355
28.773	n/a	NonTarget	1	28773
29.191	n/a	Target	2	29191
29.609	n/a	NonTarget	1	29609
30.027	n/a	NonTarget	1	30027
30.445	n/a	NonTarget	1	30445
30.865	n/a	Target	2	30865
31.283	n/a	NonTarget	1	31283
31.701	n/a	NonTarget	1	31701
32.119	n/a	NonTarget	1	32119
32.537	n/a	NonTarget	1	32537
32.955	n/a	NonTarget	1	32955
33.375	n/a	NonTarget	1	33375
33.793	n/a	Target	2	33793
34.212	n/a	NonTarget	1	34212
34.63	n/a	NonTarget	1	34630
35.048	n/a	NonTarget	1	35048
35.467	n/a	NonTarget	1	35467
35.887	n/a	NonTarget	1	35887
36.305	n/a	Target	2	36305
36.723	n/a	NonTarget	1	36723
37.141	n/a	NonTarget	1	37141
37.559	n/a	NonTarget	1	37559
37.977	n/a	NonTarget	1	37977
38.397	n/a	NonTarget	1	38397
38.815	n/a	Target	2	38815
39.233	n/a	NonTarget	1	39233
39.651	n/a	NonTarget	1	39651
40.069	n/a	NonTarget	1	40069
40.487	n/a	NonTarget	1	40487
40.907	n/a	NonTarget	1	40907
41.326	n/a	Target	2	41326
41.744	n/a	NonTarget	1	41744
42.162	n/a	NonTarget	1	42162
42.58	n/a	NonTarget	1	42580
